{
  "experiment_name": "Full_scale_test_222222_on_AwA2",
  "datasets": [
    "CUB",
    "AWA2",
    "FLO"
  ],
  "results": {
    "CUB": {
      "accuracy": 0.6860858720826652,
      "precision": 0.6911111111111111,
      "recall": 0.7339851652056641,
      "f1_score": 0.7119032047089601,
      "roc_auc": 0.7387804766831038,
      "specificity": 0.6324140536456365,
      "pr_auc": 0.7011278881270158,
      "fpr_at_95_tpr": 0.6615035889686437,
      "tnr_at_95_tpr": 0.3384964110313563,
      "youdens_index": 0.3706240299008967,
      "ausuc": 0.7387804766831038,
      "brier_score": 0.29514869616292716,
      "ece": 0.2324286621391363,
      "seen_accuracy": 0.6319173908879792,
      "unseen_accuracy": 0.7347280953526939,
      "harmonic_mean": 0.6794555950344028,
      "overall_accuracy": 0.6860858720826652,
      "mean_per_class_accuracy": 0.6576200670041579,
      "std_per_class_accuracy": 0.1775570208843952,
      "n_seen_classes": 150,
      "n_unseen_classes": 50,
      "confusion_matrix": "[[1674  973]\n [ 789 2177]]"
    },
    "AWA2": {
      "accuracy": 0.7808471454880295,
      "precision": 0.7032967032967034,
      "recall": 0.9014084507042254,
      "f1_score": 0.7901234567901234,
      "roc_auc": 0.8991092138569959,
      "specificity": 0.6791171477079796,
      "pr_auc": 0.8851304547889871,
      "fpr_at_95_tpr": 0.4724108658743633,
      "tnr_at_95_tpr": 0.5275891341256367,
      "youdens_index": 0.6472621808952185,
      "ausuc": 0.8991092138569959,
      "brier_score": 0.3318692997235534,
      "ece": 0.35718292076170477,
      "seen_accuracy": 0.6816707717569785,
      "unseen_accuracy": 0.901968085106383,
      "harmonic_mean": 0.7764968357652289,
      "overall_accuracy": 0.7808471454880295,
      "mean_per_class_accuracy": 0.7257302344268595,
      "std_per_class_accuracy": 0.15144092107092347,
      "n_seen_classes": 40,
      "n_unseen_classes": 10,
      "confusion_matrix": "[[1600  756]\n [ 196 1792]]"
    },
    "FLO": {
      "accuracy": 0.800658978583196,
      "precision": 0.768299711815562,
      "recall": 0.8678385416666666,
      "f1_score": 0.8150412717823295,
      "roc_auc": 0.886906375083389,
      "specificity": 0.7318212141427618,
      "pr_auc": 0.8744999825075894,
      "fpr_at_95_tpr": 0.39959973315543695,
      "tnr_at_95_tpr": 0.600400266844563,
      "youdens_index": 0.6087821568545697,
      "ausuc": 0.886906375083389,
      "brier_score": 0.2989336782583559,
      "ece": 0.301814279245324,
      "seen_accuracy": 0.7262518644911757,
      "unseen_accuracy": 0.8673507059626157,
      "harmonic_mean": 0.7905547832967081,
      "overall_accuracy": 0.800658978583196,
      "mean_per_class_accuracy": 0.7566849479458,
      "std_per_class_accuracy": 0.1656134962928931,
      "n_seen_classes": 80,
      "n_unseen_classes": 22,
      "confusion_matrix": "[[1097  402]\n [ 203 1333]]"
    }
  },
  "summary": {
    "best_dataset": "FLO",
    "best_score": 0.7905547832967081,
    "avg_roc_auc": 0.8415986885411629,
    "avg_h_mean": 0.7488357380321133,
    "std_roc_auc": 0.07287393606221734,
    "std_h_mean": 0.04939372196265785
  }
}